<DATE>	<TIME>	<OPEN>	<HIGH>	<LOW>	<CLOSE>	<TICKVOL>	<VOL>	<SPREAD>
2026.04.01	00:00:00	4696.383	4722.581	4693.382	4711.008	18594	0	280
2026.04.01	01:00:00	4711.065	4724.264	4681.288	4692.565	26401	0	280
2026.04.01	02:00:00	4692.634	4700.250	4678.199	4684.705	14814	0	280
2026.04.01	03:00:00	4684.639	4694.257	4679.646	4681.832	9791	0	280
2026.04.01	04:00:00	4682.136	4682.199	4666.887	4676.506	7863	0	280
2026.04.01	05:00:00	4676.269	4703.361	4674.738	4684.366	11856	0	280
2026.04.01	06:00:00	4684.431	4733.135	4682.407	4730.483	17660	0	280
2026.04.01	07:00:00	4730.540	4747.686	4709.636	4713.139	19389	0	280
2026.04.01	08:00:00	4712.783	4740.381	4710.343	4728.640	16752	0	280
2026.04.01	09:00:00	4728.698	4730.213	4712.999	4722.956	12681	0	280
2026.04.01	10:00:00	4723.089	4738.859	4715.155	4731.271	10910	0	280
2026.04.01	11:00:00	4731.185	4763.020	4728.039	4752.138	13770	0	280
2026.04.01	12:00:00	4752.071	4753.737	4724.195	4724.530	30371	0	280
2026.04.01	13:00:00	4724.844	4749.556	4715.902	4738.278	35357	0	280
2026.04.01	14:00:00	4738.097	4768.838	4723.977	4760.873	35443	0	280
2026.04.01	15:00:00	4760.930	4788.354	4758.140	4786.657	21226	0	280
2026.04.01	16:00:00	4786.439	4790.742	4774.464	4787.351	13485	0	280
2026.04.01	17:00:00	4787.347	4793.028	4773.480	4774.473	12385	0	280
2026.04.01	18:00:00	4774.378	4775.260	4742.107	4753.262	24476	0	280
2026.04.01	19:00:00	4753.321	4778.259	4750.926	4766.214	18708	0	280
2026.04.01	20:00:00	4765.816	4771.291	4753.999	4756.874	7255	0	280
2026.04.01	22:00:00	4758.737	4782.836	4756.310	4776.600	5017	0	280
2026.04.01	23:00:00	4776.522	4800.345	4773.529	4784.170	8142	0	280
2026.04.02	00:00:00	4784.241	4798.836	4774.842	4784.572	15781	0	280
2026.04.02	01:00:00	4784.250	4786.514	4650.310	4696.456	88304	0	280
2026.04.02	02:00:00	4696.390	4703.901	4655.014	4686.944	40374	0	280
2026.04.02	03:00:00	4687.012	4699.136	4675.521	4676.026	16268	0	280
2026.04.02	04:00:00	4676.323	4681.583	4657.083	4672.441	14477	0	280
2026.04.02	05:00:00	4672.501	4680.347	4585.997	4594.005	36283	0	280
2026.04.02	06:00:00	4594.076	4608.383	4553.765	4599.057	47234	0	280
2026.04.02	07:00:00	4598.997	4651.242	4597.109	4642.815	21222	0	280
2026.04.02	08:00:00	4642.808	4648.922	4617.326	4620.665	19213	0	280
2026.04.02	09:00:00	4620.682	4631.988	4613.010	4621.887	15357	0	280
2026.04.02	10:00:00	4621.948	4635.320	4603.938	4620.645	16214	0	280
2026.04.02	11:00:00	4620.587	4630.716	4592.604	4599.881	19006	0	280
2026.04.02	12:00:00	4600.191	4630.244	4594.436	4601.740	24744	0	280
2026.04.02	13:00:00	4601.804	4651.474	4580.302	4645.933	63790	0	280
2026.04.02	14:00:00	4645.991	4699.733	4631.566	4681.513	77237	0	280
2026.04.02	15:00:00	4681.667	4684.055	4652.475	4660.862	41699	0	280
2026.04.02	16:00:00	4660.924	4670.500	4642.698	4659.051	26791	0	280
2026.04.02	17:00:00	4658.939	4668.446	4645.615	4648.800	20664	0	280
2026.04.02	18:00:00	4648.863	4672.135	4647.404	4668.620	14463	0	280
2026.04.02	19:00:00	4668.676	4681.802	4661.403	4672.105	16398	0	280
2026.04.02	20:00:00	4672.166	4676.927	4664.274	4675.333	7745	0	280
2026.04.05	22:00:00	4662.923	4662.923	4608.316	4645.425	19984	0	280
2026.04.05	23:00:00	4645.521	4651.400	4605.069	4610.674	12352	0	280
2026.04.06	00:00:00	4610.706	4629.491	4600.572	4622.296	20445	0	280
2026.04.06	01:00:00	4622.382	4643.253	4620.288	4625.773	14309	0	280
2026.04.06	02:00:00	4625.986	4671.878	4623.545	4648.162	18359	0	280
2026.04.06	03:00:00	4648.098	4648.211	4625.175	4640.486	13185	0	280
2026.04.06	04:00:00	4640.368	4660.048	4639.837	4658.904	7688	0	280
2026.04.06	05:00:00	4658.910	4678.938	4651.541	4652.784	10804	0	280
2026.04.06	06:00:00	4652.791	4667.930	4643.376	4665.849	12611	0	280
2026.04.06	07:00:00	4665.791	4688.674	4644.942	4684.498	13834	0	280
2026.04.06	08:00:00	4684.695	4698.268	4680.371	4695.562	14035	0	280
2026.04.06	09:00:00	4695.630	4706.725	4690.919	4693.717	11925	0	280
2026.04.06	10:00:00	4693.771	4697.565	4684.652	4689.920	11784	0	280
2026.04.06	11:00:00	4689.988	4696.890	4676.963	4678.015	10409	0	280
2026.04.06	12:00:00	4677.956	4686.760	4659.481	4675.950	12786	0	280
2026.04.06	13:00:00	4675.986	4681.621	4659.629	4679.732	28519	0	280
2026.04.06	14:00:00	4680.182	4697.730	4660.127	4682.923	33387	0	280
2026.04.06	15:00:00	4682.997	4684.023	4652.024	4668.211	21588	0	280
2026.04.06	16:00:00	4668.087	4672.593	4657.663	4660.499	13386	0	280
2026.04.06	17:00:00	4660.566	4661.118	4645.560	4653.739	15810	0	280
2026.04.06	18:00:00	4653.796	4666.483	4648.607	4658.181	12026	0	280
2026.04.06	19:00:00	4658.186	4659.412	4645.316	4655.213	8677	0	280
2026.04.06	20:00:00	4655.274	4658.360	4648.982	4649.944	4436	0	280
2026.04.06	22:00:00	4661.087	4667.962	4656.853	4658.245	5428	0	280
2026.04.06	23:00:00	4658.452	4661.165	4651.622	4658.623	4227	0	280
2026.04.07	00:00:00	4658.976	4661.449	4648.955	4654.722	10138	0	280
2026.04.07	01:00:00	4654.699	4664.325	4616.331	4626.659	41910	0	280
2026.04.07	02:00:00	4626.729	4654.089	4619.655	4650.358	16990	0	280
2026.04.07	03:00:00	4650.411	4653.996	4639.456	4649.560	9888	0	280
2026.04.07	04:00:00	4649.496	4664.159	4645.436	4659.810	8445	0	280
2026.04.07	05:00:00	4659.688	4661.306	4622.758	4642.832	16980	0	280
2026.04.07	06:00:00	4643.220	4656.457	4637.737	4653.249	16387	0	280
2026.04.07	07:00:00	4653.176	4657.082	4636.555	4645.863	12762	0	280
2026.04.07	08:00:00	4646.180	4690.829	4644.153	4682.952	26733	0	280
2026.04.07	09:00:00	4682.930	4694.641	4658.733	4670.728	17587	0	280
2026.04.07	10:00:00	4670.786	4680.494	4649.144	4652.199	25258	0	280
2026.04.07	11:00:00	4652.129	4664.232	4628.585	4659.817	18527	0	280
2026.04.07	12:00:00	4659.883	4670.834	4646.720	4651.714	20637	0	280
2026.04.07	13:00:00	4651.478	4663.188	4635.468	4644.395	29839	0	280
2026.04.07	14:00:00	4644.101	4661.258	4607.334	4633.413	40839	0	280
2026.04.07	15:00:00	4633.347	4659.428	4624.763	4655.719	27967	0	280
2026.04.07	16:00:00	4655.388	4668.340	4652.441	4657.141	21436	0	280
2026.04.07	17:00:00	4657.203	4686.470	4653.753	4676.072	18542	0	280
2026.04.07	18:00:00	4675.997	4686.376	4657.357	4662.339	13931	0	280
2026.04.07	19:00:00	4662.400	4718.614	4660.662	4700.628	68400	0	280
2026.04.07	20:00:00	4700.691	4717.116	4697.173	4706.301	16519	0	280
2026.04.07	22:00:00	4740.729	4819.756	4713.782	4818.138	28989	0	360
2026.04.07	23:00:00	4818.422	4836.407	4801.707	4833.182	28458	0	280
2026.04.08	00:00:00	4833.247	4857.455	4808.641	4817.785	35533	0	280
2026.04.08	01:00:00	4817.974	4825.485	4787.975	4810.288	33586	0	280
2026.04.08	02:00:00	4810.208	4825.396	4798.539	4803.736	13626	0	280
2026.04.08	03:00:00	4803.795	4806.041	4794.818	4797.653	10491	0	280
2026.04.08	04:00:00	4797.672	4806.718	4790.236	4803.430	9437	0	280
2026.04.08	05:00:00	4803.370	4843.857	4800.196	4827.648	13440	0	280
2026.04.08	06:00:00	4827.239	4839.775	4819.950	4820.090	17415	0	280
2026.04.08	07:00:00	4820.031	4821.286	4805.307	4813.470	14799	0	280
2026.04.08	08:00:00	4813.538	4819.941	4790.158	4793.644	14257	0	280
2026.04.08	09:00:00	4794.002	4806.789	4776.201	4783.373	12956	0	280
2026.04.08	10:00:00	4783.314	4796.234	4770.988	4782.767	10696	0	280
2026.04.08	11:00:00	4782.682	4802.862	4777.826	4798.544	16082	0	280
2026.04.08	12:00:00	4798.727	4807.103	4768.354	4799.692	24692	0	280
2026.04.08	13:00:00	4799.506	4806.662	4767.160	4777.498	31614	0	280
2026.04.08	14:00:00	4777.853	4792.059	4732.255	4736.485	40317	0	280
2026.04.08	15:00:00	4736.255	4763.246	4734.171	4756.318	23253	0	280
2026.04.08	16:00:00	4756.630	4765.675	4745.421	4760.680	14191	0	280
2026.04.08	17:00:00	4760.612	4764.404	4731.543	4733.960	16837	0	280
2026.04.08	18:00:00	4734.136	4744.599	4703.402	4705.453	27134	0	280
2026.04.08	19:00:00	4705.228	4731.908	4699.471	4730.446	21137	0	280
2026.04.08	20:00:00	4730.555	4732.167	4716.963	4719.435	6410	0	280
2026.04.08	22:00:00	4729.081	4732.502	4704.709	4717.841	8498	0	280
2026.04.08	23:00:00	4717.763	4720.107	4705.260	4715.527	7040	0	280
2026.04.09	00:00:00	4715.597	4719.096	4698.047	4706.636	14496	0	280
2026.04.09	01:00:00	4706.578	4728.028	4699.513	4727.119	22689	0	280
2026.04.09	02:00:00	4727.183	4733.045	4717.511	4718.925	10640	0	280
2026.04.09	03:00:00	4718.864	4720.370	4705.174	4711.350	10278	0	280
2026.04.09	04:00:00	4711.357	4725.531	4709.708	4720.947	6742	0	280
2026.04.09	05:00:00	4721.007	4726.671	4705.630	4713.369	12204	0	280
2026.04.09	06:00:00	4713.354	4725.372	4703.355	4712.653	14222	0	280
2026.04.09	07:00:00	4712.590	4731.249	4705.672	4724.185	16853	0	280
2026.04.09	08:00:00	4724.323	4733.207	4719.762	4726.270	10504	0	280
2026.04.09	09:00:00	4726.064	4733.403	4723.014	4729.201	8790	0	280
2026.04.09	10:00:00	4729.055	4746.665	4723.393	4741.118	10048	0	280
2026.04.09	11:00:00	4740.942	4757.551	4738.365	4756.369	9115	0	280
2026.04.09	12:00:00	4756.433	4759.900	4734.765	4745.922	14691	0	280
2026.04.09	13:00:00	4745.979	4777.191	4738.562	4764.463	24090	0	280
2026.04.09	14:00:00	4764.533	4776.275	4747.035	4768.228	21511	0	280
2026.04.09	15:00:00	4768.287	4797.975	4761.186	4792.873	22852	0	280
2026.04.09	16:00:00	4792.926	4801.139	4784.167	4788.674	14601	0	280
2026.04.09	17:00:00	4788.734	4801.259	4786.625	4797.897	10855	0	280
2026.04.09	18:00:00	4797.550	4798.212	4767.530	4772.256	16683	0	280
2026.04.09	19:00:00	4772.190	4782.662	4766.826	4768.886	24584	0	280
2026.04.09	20:00:00	4768.944	4773.449	4760.719	4765.039	5968	0	280
2026.04.09	22:00:00	4779.021	4779.455	4758.624	4764.035	6226	0	280
2026.04.09	23:00:00	4764.068	4764.258	4756.732	4763.598	4769	0	280
2026.04.10	00:00:00	4763.661	4763.661	4750.746	4762.731	10976	0	280
2026.04.10	01:00:00	4762.794	4777.177	4757.939	4764.649	14872	0	280
2026.04.10	02:00:00	4764.711	4765.402	4737.851	4752.907	12934	0	280
2026.04.10	03:00:00	4752.843	4769.432	4752.749	4766.328	8257	0	280
2026.04.10	04:00:00	4766.683	4770.926	4758.022	4758.700	5491	0	280
2026.04.10	05:00:00	4758.690	4769.306	4757.436	4766.126	8572	0	280
2026.04.10	06:00:00	4765.925	4765.925	4742.723	4746.287	11557	0	280
2026.04.10	07:00:00	4746.230	4757.456	4741.217	4749.804	8510	0	280
2026.04.10	08:00:00	4749.841	4753.242	4730.580	4740.860	10884	0	280
2026.04.10	09:00:00	4740.639	4760.708	4740.490	4751.380	11803	0	280
2026.04.10	10:00:00	4751.455	4760.681	4742.160	4757.242	7463	0	280
2026.04.10	11:00:00	4756.945	4768.742	4753.152	4768.063	7631	0	280
2026.04.10	12:00:00	4768.127	4782.306	4759.706	4771.948	16186	0	160
2026.04.10	13:00:00	4771.879	4780.419	4764.888	4775.170	22111	0	280
2026.04.10	14:00:00	4775.338	4795.181	4767.520	4774.898	22298	0	280
2026.04.10	15:00:00	4774.970	4787.344	4754.903	4761.964	19574	0	280
2026.04.10	16:00:00	4762.231	4766.059	4747.358	4763.934	15852	0	280
2026.04.10	17:00:00	4763.869	4768.683	4758.042	4760.409	10584	0	280
2026.04.10	18:00:00	4760.474	4773.186	4750.793	4765.066	9772	0	280
2026.04.10	19:00:00	4765.134	4770.494	4758.361	4759.694	8033	0	280
2026.04.10	20:00:00	4759.784	4760.076	4740.834	4749.370	7211	0	280
2026.04.12	22:00:00	4670.232	4685.131	4644.070	4658.851	14286	0	280
2026.04.12	23:00:00	4658.852	4671.787	4644.259	4671.545	9715	0	280
2026.04.13	00:00:00	4671.187	4698.666	4664.495	4695.368	14736	0	280
2026.04.13	01:00:00	4695.309	4727.945	4693.565	4721.132	24712	0	280
2026.04.13	02:00:00	4721.373	4728.025	4711.327	4720.604	12636	0	280
2026.04.13	03:00:00	4720.246	4723.844	4712.172	4718.290	7722	0	280
2026.04.13	04:00:00	4718.269	4725.098	4708.058	4723.002	7322	0	280
2026.04.13	05:00:00	4723.047	4730.783	4716.297	4729.539	9838	0	280
2026.04.13	06:00:00	4729.286	4732.760	4720.681	4725.437	11427	0	280
2026.04.13	07:00:00	4725.499	4740.070	4725.002	4733.802	11896	0	280
2026.04.13	08:00:00	4733.816	4738.714	4720.019	4723.525	10552	0	280
2026.04.13	09:00:00	4723.493	4728.664	4710.549	4714.776	10646	0	280
2026.04.13	10:00:00	4714.794	4723.875	4708.124	4721.993	8150	0	280
2026.04.13	11:00:00	4721.927	4729.190	4703.510	4706.608	12685	0	280
2026.04.13	12:00:00	4706.698	4725.171	4703.629	4723.534	14877	0	280
2026.04.13	13:00:00	4723.568	4744.585	4721.125	4730.502	29381	0	280
2026.04.13	14:00:00	4730.433	4731.419	4708.796	4719.179	24262	0	280
2026.04.13	15:00:00	4718.903	4719.900	4700.124	4714.638	18545	0	280
2026.04.13	16:00:00	4714.288	4746.286	4709.405	4733.091	24375	0	280
2026.04.13	17:00:00	4733.117	4749.876	4725.632	4730.032	13529	0	280
2026.04.13	18:00:00	4730.077	4740.796	4723.035	4738.262	9293	0	280
2026.04.13	19:00:00	4738.189	4747.508	4730.597	4741.283	8772	0	280
2026.04.13	20:00:00	4741.046	4744.256	4738.174	4741.100	4306	0	280
2026.04.13	22:00:00	4750.803	4759.440	4745.931	4757.829	5312	0	280
2026.04.13	23:00:00	4757.766	4766.045	4754.333	4757.511	5380	0	280
2026.04.14	00:00:00	4757.699	4775.851	4751.483	4769.651	11357	0	280
2026.04.14	01:00:00	4769.594	4777.063	4761.684	4764.591	15045	0	280
2026.04.14	02:00:00	4764.507	4777.353	4762.137	4774.928	8915	0	280
2026.04.14	03:00:00	4774.962	4775.629	4765.632	4768.173	6199	0	280
2026.04.14	04:00:00	4768.253	4776.887	4766.842	4774.231	4403	0	280
2026.04.14	05:00:00	4774.263	4774.333	4757.965	4760.172	9319	0	280
2026.04.14	06:00:00	4760.162	4783.105	4759.944	4781.951	9840	0	280
2026.04.14	07:00:00	4782.023	4796.449	4767.815	4777.057	15277	0	280
2026.04.14	08:00:00	4776.984	4789.832	4774.071	4786.552	9960	0	280
2026.04.14	09:00:00	4786.993	4789.126	4771.297	4778.362	9152	0	280
2026.04.14	10:00:00	4778.234	4788.094	4751.685	4768.552	10384	0	280
2026.04.14	11:00:00	4768.487	4783.045	4766.694	4775.049	9697	0	280
2026.04.14	12:00:00	4775.106	4777.535	4762.194	4771.488	14513	0	280
2026.04.14	13:00:00	4771.118	4803.445	4770.971	4794.430	21363	0	280
2026.04.14	14:00:00	4794.493	4817.859	4792.764	4803.974	20085	0	280
2026.04.14	15:00:00	4803.743	4816.172	4791.074	4807.993	15104	0	280
2026.04.14	16:00:00	4808.024	4820.396	4804.901	4810.245	10802	0	280
2026.04.14	17:00:00	4810.247	4841.515	4809.293	4835.191	12002	0	280
2026.04.14	18:00:00	4835.131	4843.424	4830.843	4835.745	8448	0	280
2026.04.14	19:00:00	4835.625	4846.313	4835.625	4844.587	7817	0	280
2026.04.14	20:00:00	4844.657	4846.013	4839.378	4840.739	3978	0	280
2026.04.14	22:00:00	4839.629	4850.676	4833.170	4835.156	5703	0	280
2026.04.14	23:00:00	4835.096	4844.216	4833.648	4836.889	6118	0	280
2026.04.15	00:00:00	4836.946	4839.700	4827.245	4835.625	8406	0	280
2026.04.15	01:00:00	4835.578	4871.359	4828.169	4847.234	20190	0	280
2026.04.15	02:00:00	4846.867	4853.414	4820.304	4824.012	14775	0	280
2026.04.15	03:00:00	4823.710	4829.429	4816.714	4823.950	8699	0	280
2026.04.15	04:00:00	4824.125	4827.841	4820.466	4825.076	5250	0	280
2026.04.15	05:00:00	4824.760	4830.356	4812.471	4819.773	12576	0	280
2026.04.15	06:00:00	4819.855	4825.015	4810.942	4811.578	10241	0	280
2026.04.15	07:00:00	4811.871	4817.036	4803.836	4810.975	12356	0	280
2026.04.15	08:00:00	4810.912	4821.027	4804.620	4818.171	10136	0	280
2026.04.15	09:00:00	4818.110	4819.390	4786.049	4798.081	14661	0	280
2026.04.15	10:00:00	4798.191	4805.119	4789.982	4799.858	13008	0	280
2026.04.15	11:00:00	4800.212	4815.032	4795.585	4812.722	10088	0	280
2026.04.15	12:00:00	4812.655	4816.216	4806.953	4811.751	10430	0	280
2026.04.15	13:00:00	4811.688	4830.121	4808.426	4828.629	18827	0	280
2026.04.15	14:00:00	4828.542	4830.688	4813.354	4815.636	14400	0	280
2026.04.15	15:00:00	4815.705	4816.284	4786.692	4801.800	17927	0	280
2026.04.15	16:00:00	4801.734	4812.742	4800.007	4803.686	11778	0	280
2026.04.15	17:00:00	4803.746	4808.714	4790.795	4792.596	10333	0	280
2026.04.15	18:00:00	4792.385	4802.153	4789.933	4799.897	9663	0	280
2026.04.15	19:00:00	4799.544	4803.551	4794.349	4795.951	7251	0	280
2026.04.15	20:00:00	4796.010	4796.739	4787.612	4791.166	4405	0	280
2026.04.15	22:00:00	4797.162	4811.997	4791.120	4807.696	4712	0	280
2026.04.15	23:00:00	4807.675	4826.637	4807.617	4823.572	4552	0	280
2026.04.16	00:00:00	4823.217	4837.601	4820.235	4832.853	8401	0	280
2026.04.16	01:00:00	4832.852	4836.495	4811.174	4818.061	11543	0	280
2026.04.16	02:00:00	4817.980	4825.014	4812.491	4819.499	8687	0	280
2026.04.16	03:00:00	4819.732	4826.992	4818.997	4824.174	6044	0	280
2026.04.16	04:00:00	4824.174	4833.548	4822.846	4832.780	4703	0	280
2026.04.16	05:00:00	4832.838	4838.371	4821.023	4821.392	8506	0	280
2026.04.16	06:00:00	4821.463	4830.425	4814.166	4826.134	11664	0	280
2026.04.16	07:00:00	4826.192	4831.046	4816.901	4821.228	10999	0	280
2026.04.16	08:00:00	4821.220	4821.843	4806.397	4813.548	10235	0	280
2026.04.16	09:00:00	4813.578	4817.836	4806.781	4812.597	8316	0	280
2026.04.16	10:00:00	4812.609	4817.333	4804.978	4817.010	7422	0	280
2026.04.16	11:00:00	4817.076	4822.478	4815.469	4822.252	7213	0	280
2026.04.16	12:00:00	4822.320	4823.169	4811.360	4816.337	9603	0	280
2026.04.16	13:00:00	4816.116	4824.007	4784.549	4794.686	22621	0	280
2026.04.16	14:00:00	4794.602	4805.194	4772.813	4788.512	29321	0	280
2026.04.16	15:00:00	4788.792	4812.967	4788.120	4806.743	18788	0	280
2026.04.16	16:00:00	4806.678	4810.160	4785.123	4791.868	14407	0	280
2026.04.16	17:00:00	4792.222	4795.412	4781.374	4788.984	12114	0	280
2026.04.16	18:00:00	4788.925	4794.036	4785.701	4789.327	9369	0	280
2026.04.16	19:00:00	4789.313	4798.636	4789.313	4793.737	7542	0	280
2026.04.16	20:00:00	4793.669	4793.938	4786.263	4790.146	3910	0	280
2026.04.16	22:00:00	4794.579	4797.889	4790.935	4795.375	4555	0	280
2026.04.16	23:00:00	4795.317	4797.879	4791.575	4791.651	4210	0	280
2026.04.17	00:00:00	4791.559	4801.252	4785.794	4794.940	7196	0	280
2026.04.17	01:00:00	4795.002	4795.717	4767.401	4789.223	16111	0	280
2026.04.17	02:00:00	4789.219	4794.636	4784.492	4784.685	7438	0	280
2026.04.17	03:00:00	4784.742	4798.232	4784.742	4793.418	7046	0	280
2026.04.17	04:00:00	4793.393	4804.686	4792.478	4802.809	4732	0	280
2026.04.17	05:00:00	4802.820	4806.369	4793.618	4794.313	8668	0	280
2026.04.17	06:00:00	4794.433	4795.298	4779.107	4785.071	9651	0	280
2026.04.17	07:00:00	4785.142	4794.665	4778.684	4784.474	8138	0	280
2026.04.17	08:00:00	4784.460	4796.650	4780.850	4795.744	7780	0	280
2026.04.17	09:00:00	4795.685	4800.951	4790.010	4790.490	7010	0	280
2026.04.17	10:00:00	4790.548	4793.904	4782.155	4787.203	6631	0	280
2026.04.17	11:00:00	4787.263	4811.769	4783.276	4799.214	8243	0	280
2026.04.17	12:00:00	4799.279	4847.737	4797.535	4846.324	23790	0	280
2026.04.17	13:00:00	4846.090	4889.866	4834.826	4879.969	47878	0	280
2026.04.17	14:00:00	4880.029	4885.589	4860.606	4873.242	24364	0	280
2026.04.17	15:00:00	4873.309	4880.377	4854.662	4867.541	21440	0	280
2026.04.17	16:00:00	4867.472	4873.515	4863.729	4866.755	10163	0	280
2026.04.17	17:00:00	4866.821	4869.509	4853.490	4862.611	14309	0	280
2026.04.17	18:00:00	4862.401	4868.067	4855.869	4858.352	9212	0	280
2026.04.17	19:00:00	4858.410	4861.337	4852.651	4854.514	9117	0	280
2026.04.17	20:00:00	4854.670	4855.283	4830.727	4832.633	10027	0	280
2026.04.19	22:00:00	4774.618	4795.369	4771.057	4779.369	11937	0	360
2026.04.19	23:00:00	4779.388	4779.503	4736.736	4754.935	12565	0	360
2026.04.20	00:00:00	4755.380	4774.390	4744.846	4772.266	16585	0	280
2026.04.20	01:00:00	4772.582	4814.463	4771.086	4807.955	20191	0	280
2026.04.20	02:00:00	4807.880	4809.005	4792.963	4797.403	10237	0	280
2026.04.20	03:00:00	4797.342	4798.327	4788.801	4791.005	7949	0	280
2026.04.20	04:00:00	4791.068	4795.859	4786.942	4788.919	6368	0	280
2026.04.20	05:00:00	4788.613	4795.820	4779.407	4790.904	12143	0	280
2026.04.20	06:00:00	4790.591	4795.350	4783.716	4795.267	12286	0	280
2026.04.20	07:00:00	4795.326	4805.458	4786.847	4789.538	12681	0	280
2026.04.20	08:00:00	4789.653	4796.086	4785.887	4795.932	8790	0	280
2026.04.20	09:00:00	4795.870	4797.970	4783.210	4791.358	8448	0	280
2026.04.20	10:00:00	4791.783	4800.907	4789.909	4795.658	6674	0	280
2026.04.20	11:00:00	4795.718	4810.870	4786.480	4810.295	9386	0	280
2026.04.20	12:00:00	4810.237	4821.950	4798.901	4803.483	13731	0	280
2026.04.20	13:00:00	4803.542	4826.439	4799.421	4817.933	21494	0	280
2026.04.20	14:00:00	4817.997	4827.671	4792.375	4805.124	24844	0	280
2026.04.20	15:00:00	4805.062	4809.510	4792.498	4799.468	19544	0	280
2026.04.20	16:00:00	4799.698	4806.127	4792.696	4805.319	9733	0	280
2026.04.20	17:00:00	4805.379	4812.298	4803.818	4806.870	8320	0	280
2026.04.20	18:00:00	4806.811	4816.587	4806.811	4813.922	7034	0	280
2026.04.20	19:00:00	4813.844	4821.479	4810.376	4814.035	6033	0	280
2026.04.20	20:00:00	4814.096	4822.032	4812.048	4820.814	3878	0	280
2026.04.20	22:00:00	4827.606	4833.038	4820.905	4827.759	6912	0	280
2026.04.20	23:00:00	4827.498	4831.903	4819.857	4821.556	4414	0	280
2026.04.21	00:00:00	4821.618	4830.511	4816.668	4823.646	9879	0	280
2026.04.21	01:00:00	4823.720	4824.449	4805.573	4810.008	11086	0	280
2026.04.21	02:00:00	4810.297	4810.474	4802.291	4806.961	7613	0	280
2026.04.21	03:00:00	4807.029	4807.846	4792.453	4797.283	7635	0	280
2026.04.21	04:00:00	4797.047	4797.975	4788.794	4788.898	6009	0	280
2026.04.21	05:00:00	4788.958	4796.738	4782.955	4784.285	10117	0	280
2026.04.21	06:00:00	4784.220	4790.492	4774.306	4778.955	11841	0	280
2026.04.21	07:00:00	4778.897	4792.741	4772.608	4786.103	9273	0	280
2026.04.21	08:00:00	4786.170	4792.792	4774.515	4786.257	9236	0	280
2026.04.21	09:00:00	4786.191	4789.681	4781.043	4783.815	7538	0	280
2026.04.21	10:00:00	4783.874	4790.400	4780.715	4789.508	5980	0	280
2026.04.21	11:00:00	4789.500	4798.126	4775.150	4794.718	9989	0	280
2026.04.21	12:00:00	4794.777	4797.052	4766.569	4778.602	14914	0	280
2026.04.21	13:00:00	4778.537	4794.231	4760.249	4779.200	24197	0	280
2026.04.21	14:00:00	4779.141	4782.420	4723.305	4738.766	35245	0	280
2026.04.21	15:00:00	4738.710	4757.608	4727.810	4741.546	33230	0	280
2026.04.21	16:00:00	4741.459	4746.787	4707.912	4711.152	20614	0	280
2026.04.21	17:00:00	4711.210	4722.284	4696.825	4710.794	28159	0	280
2026.04.21	18:00:00	4710.737	4714.679	4692.205	4709.045	17713	0	280
2026.04.21	19:00:00	4709.102	4715.166	4668.140	4679.321	31292	0	280
2026.04.21	20:00:00	4679.504	4719.379	4668.722	4718.807	21898	0	280
2026.04.21	22:00:00	4719.794	4729.375	4715.431	4719.310	6221	0	280
2026.04.21	23:00:00	4719.334	4740.380	4718.100	4737.816	6236	0	280
2026.04.22	00:00:00	4738.060	4747.446	4738.060	4739.975	9195	0	280
2026.04.22	01:00:00	4739.625	4754.615	4736.004	4752.272	12640	0	280
2026.04.22	02:00:00	4752.001	4758.887	4750.072	4755.602	7187	0	280
2026.04.22	03:00:00	4755.536	4765.088	4753.151	4758.263	6579	0	280
2026.04.22	04:00:00	4758.310	4759.560	4752.287	4754.635	5796	0	280
2026.04.22	05:00:00	4754.442	4772.196	4752.039	4767.491	10626	0	280
2026.04.22	06:00:00	4767.401	4767.855	4758.713	4767.457	6694	0	280
2026.04.22	07:00:00	4767.397	4772.377	4759.630	4760.654	7777	0	280
2026.04.22	08:00:00	4760.661	4762.336	4751.758	4757.096	7663	0	280
2026.04.22	09:00:00	4757.059	4762.452	4752.188	4755.016	7293	0	280
2026.04.22	10:00:00	4755.093	4760.105	4745.591	4759.200	7507	0	280
2026.04.22	11:00:00	4758.965	4760.835	4747.651	4750.384	7975	0	280
2026.04.22	12:00:00	4750.342	4760.271	4742.753	4744.339	11636	0	280
2026.04.22	13:00:00	4744.268	4760.753	4736.254	4752.714	21932	0	280
2026.04.22	14:00:00	4752.721	4757.252	4730.099	4735.760	18605	0	280
2026.04.22	15:00:00	4735.818	4740.330	4724.910	4727.751	13967	0	280
2026.04.22	16:00:00	4727.836	4735.058	4723.734	4728.534	9917	0	280
2026.04.22	17:00:00	4728.477	4739.408	4728.372	4737.258	9051	0	280
2026.04.22	18:00:00	4737.314	4749.524	4729.799	4741.571	7240	0	280
2026.04.22	19:00:00	4741.736	4745.282	4736.789	4739.997	8061	0	280
2026.04.22	20:00:00	4740.064	4740.528	4734.494	4739.500	4472	0	280
2026.04.22	22:00:00	4744.802	4745.874	4725.810	4726.068	4391	0	280
2026.04.22	23:00:00	4726.131	4729.826	4723.424	4727.960	4483	0	280
2026.04.23	00:00:00	4728.026	4753.821	4693.986	4748.278	28414	0	280
2026.04.23	01:00:00	4747.894	4749.975	4722.507	4723.387	16394	0	280
2026.04.23	02:00:00	4723.444	4724.806	4697.988	4698.688	19967	0	280
2026.04.23	03:00:00	4698.903	4708.670	4697.879	4703.927	13778	0	280
2026.04.23	04:00:00	4703.984	4707.029	4698.531	4704.213	6595	0	280
2026.04.23	05:00:00	4704.208	4715.261	4692.117	4713.497	12028	0	280
2026.04.23	06:00:00	4713.337	4721.403	4708.672	4712.710	10839	0	280
2026.04.23	07:00:00	4712.945	4720.450	4702.920	4718.937	11423	0	280
2026.04.23	08:00:00	4719.156	4724.920	4701.409	4703.459	9307	0	280
2026.04.23	09:00:00	4703.402	4703.778	4694.695	4697.384	10367	0	280
2026.04.23	10:00:00	4697.318	4701.660	4684.149	4696.362	11087	0	280
2026.04.23	11:00:00	4696.418	4720.860	4695.519	4720.423	10614	0	280
2026.04.23	12:00:00	4720.486	4743.197	4719.577	4739.898	19480	0	280
2026.04.23	13:00:00	4739.963	4741.268	4723.706	4724.242	18560	0	280
2026.04.23	14:00:00	4724.475	4736.705	4716.873	4733.708	21012	0	280
2026.04.23	15:00:00	4733.770	4741.063	4716.296	4720.542	15903	0	280
2026.04.23	16:00:00	4720.494	4737.031	4715.544	4732.726	11105	0	280
2026.04.23	17:00:00	4732.757	4734.389	4664.010	4709.115	50866	0	280
2026.04.23	18:00:00	4709.172	4721.949	4699.231	4701.213	24546	0	280
2026.04.23	19:00:00	4701.153	4704.491	4689.213	4695.910	16425	0	280
2026.04.23	20:00:00	4695.804	4698.290	4686.383	4692.968	6919	0	280
2026.04.23	22:00:00	4699.581	4700.028	4690.130	4693.083	4737	0	280
2026.04.23	23:00:00	4693.096	4700.651	4686.543	4695.231	5662	0	280
2026.04.24	00:00:00	4695.158	4707.884	4690.823	4704.464	13028	0	280
2026.04.24	01:00:00	4704.403	4710.967	4690.085	4699.317	15824	0	280
2026.04.24	02:00:00	4699.231	4700.478	4672.867	4676.807	13393	0	280
2026.04.24	03:00:00	4676.866	4678.396	4668.587	4672.223	9868	0	280
2026.04.24	04:00:00	4672.166	4676.953	4657.581	4674.259	9445	0	280
2026.04.24	05:00:00	4674.326	4687.437	4669.490	4686.200	9472	0	280
2026.04.24	06:00:00	4686.257	4688.160	4666.696	4672.067	9406	0	280
2026.04.24	07:00:00	4671.999	4695.253	4670.822	4694.398	7805	0	280
2026.04.24	08:00:00	4694.344	4697.415	4685.268	4690.929	8620	0	280
2026.04.24	09:00:00	4690.993	4696.745	4679.210	4682.068	9442	0	280
2026.04.24	10:00:00	4681.861	4686.335	4674.548	4677.913	7546	0	280
2026.04.24	11:00:00	4677.857	4717.240	4677.749	4706.679	23106	0	280
2026.04.24	12:00:00	4706.756	4711.761	4690.204	4700.554	14071	0	280
2026.04.24	13:00:00	4700.667	4717.579	4689.474	4711.984	19968	0	280
2026.04.24	14:00:00	4711.913	4740.291	4706.814	4726.395	24326	0	280
2026.04.24	15:00:00	4726.458	4733.266	4714.444	4726.939	20459	0	280
2026.04.24	16:00:00	4727.033	4729.773	4719.002	4726.512	12022	0	280
2026.04.24	17:00:00	4726.568	4729.978	4718.878	4723.412	10569	0	280
2026.04.24	18:00:00	4723.482	4724.836	4716.808	4722.521	6905	0	280
2026.04.24	19:00:00	4722.579	4726.075	4713.586	4716.670	7134	0	280
2026.04.24	20:00:00	4716.607	4717.467	4705.234	4708.466	5608	0	280
2026.04.26	22:00:00	4696.125	4699.884	4680.095	4684.718	6662	0	280
2026.04.26	23:00:00	4684.636	4684.742	4674.786	4680.075	5369	0	280
2026.04.27	00:00:00	4680.139	4698.033	4672.027	4697.623	9520	0	280
2026.04.27	01:00:00	4697.982	4709.827	4690.714	4702.490	16815	0	280
2026.04.27	02:00:00	4702.583	4723.526	4696.130	4718.337	11036	0	280
2026.04.27	03:00:00	4718.255	4729.453	4714.542	4724.267	8493	0	280
2026.04.27	04:00:00	4723.916	4730.145	4722.707	4724.786	5639	0	280
2026.04.27	05:00:00	4724.803	4725.406	4708.521	4710.147	8079	0	280
2026.04.27	06:00:00	4709.838	4715.728	4709.077	4712.909	8653	0	280
2026.04.27	07:00:00	4712.744	4718.242	4709.955	4713.427	8256	0	280
2026.04.27	08:00:00	4713.489	4714.737	4705.332	4706.614	7813	0	280
2026.04.27	09:00:00	4706.968	4708.311	4699.061	4703.455	6634	0	280
2026.04.27	10:00:00	4703.516	4711.056	4699.408	4708.884	5413	0	280
2026.04.27	11:00:00	4708.939	4709.058	4699.992	4704.642	6646	0	280
2026.04.27	12:00:00	4705.000	4712.639	4696.788	4699.289	10961	0	280
2026.04.27	13:00:00	4699.227	4703.465	4688.991	4696.138	17286	0	280
2026.04.27	14:00:00	4696.307	4696.763	4676.355	4677.852	18692	0	280
2026.04.27	15:00:00	4678.203	4682.538	4666.949	4670.152	15871	0	280
2026.04.27	16:00:00	4670.124	4679.290	4667.260	4676.478	8616	0	280
2026.04.27	17:00:00	4676.535	4686.253	4668.054	4682.322	9781	0	280
2026.04.27	18:00:00	4682.260	4685.544	4678.785	4680.837	6082	0	280
2026.04.27	19:00:00	4680.781	4682.733	4676.535	4680.670	6072	0	280
2026.04.27	20:00:00	4680.803	4681.248	4677.299	4680.054	3215	0	280
2026.04.27	22:00:00	4684.202	4691.233	4682.126	4687.726	4106	0	280
2026.04.27	23:00:00	4688.020	4694.975	4687.125	4692.056	3617	0	280
2026.04.28	00:00:00	4692.118	4701.445	4690.354	4690.354	6934	0	280
2026.04.28	01:00:00	4690.590	4691.419	4669.266	4670.795	11450	0	280
2026.04.28	02:00:00	4670.853	4679.582	4666.457	4669.244	9708	0	280
2026.04.28	03:00:00	4669.007	4675.862	4668.463	4670.964	6661	0	280
2026.04.28	04:00:00	4670.907	4671.336	4666.482	4667.698	4976	0	280
2026.04.28	05:00:00	4667.408	4668.049	4623.790	4632.061	18561	0	280
2026.04.28	06:00:00	4632.297	4643.099	4623.172	4628.832	14165	0	280
2026.04.28	07:00:00	4629.021	4639.417	4620.502	4633.023	12778	0	280
2026.04.28	08:00:00	4632.951	4635.249	4614.607	4629.748	14047	0	280
2026.04.28	09:00:00	4629.736	4630.087	4604.516	4604.937	12142	0	280
2026.04.28	10:00:00	4604.833	4616.285	4603.173	4603.343	8770	0	280
2026.04.28	11:00:00	4603.144	4608.560	4555.299	4562.466	22030	0	280
2026.04.28	12:00:00	4562.408	4600.152	4554.813	4593.824	24635	0	280
2026.04.28	13:00:00	4593.470	4594.595	4570.674	4580.513	30265	0	280
2026.04.28	14:00:00	4580.152	4580.768	4557.134	4574.305	30771	0	280
2026.04.28	15:00:00	4574.249	4586.439	4566.843	4586.215	21637	0	280
2026.04.28	16:00:00	4586.137	4594.964	4577.980	4592.093	13732	0	280
2026.04.28	17:00:00	4592.442	4601.490	4587.038	4594.810	11420	0	280
2026.04.28	18:00:00	4594.866	4600.691	4592.169	4594.403	7995	0	280
2026.04.28	19:00:00	4594.461	4600.035	4593.424	4595.752	7408	0	280
2026.04.28	20:00:00	4595.696	4598.554	4591.063	4596.512	4250	0	280
2026.04.28	22:00:00	4598.249	4599.548	4592.604	4593.931	3102	0	280
2026.04.28	23:00:00	4593.920	4596.163	4587.817	4595.783	3981	0	280
2026.04.29	00:00:00	4595.847	4610.425	4594.916	4600.048	10047	0	280
2026.04.29	01:00:00	4599.985	4600.474	4575.763	4584.590	19439	0	280
2026.04.29	02:00:00	4584.635	4604.081	4584.635	4593.490	11224	0	280
2026.04.29	03:00:00	4593.552	4603.343	4592.083	4595.214	7186	0	280
2026.04.29	04:00:00	4595.274	4605.725	4595.112	4604.641	5636	0	280
2026.04.29	05:00:00	4604.696	4607.815	4600.314	4601.229	2280	0	280
2026.04.29	06:00:00	4585.864	4586.880	4581.176	4584.361	2587	0	280
2026.04.29	07:00:00	4584.280	4588.940	4567.205	4567.971	12631	0	280
2026.04.29	08:00:00	4568.064	4576.548	4557.167	4573.273	13028	0	280
2026.04.29	09:00:00	4573.334	4580.752	4551.478	4555.831	11991	0	280
2026.04.29	10:00:00	4555.586	4576.571	4554.874	4569.972	9051	0	280
2026.04.29	11:00:00	4569.742	4571.948	4559.323	4561.880	9747	0	280
2026.04.29	12:00:00	4561.476	4568.888	4541.417	4544.976	12968	0	280
2026.04.29	13:00:00	4545.031	4553.462	4510.111	4521.818	25639	0	280
2026.04.29	14:00:00	4521.873	4542.779	4517.704	4539.129	21913	0	280
2026.04.29	15:00:00	4539.073	4558.715	4536.207	4547.873	22431	0	280
2026.04.29	16:00:00	4547.815	4565.047	4543.164	4545.288	15367	0	280
2026.04.29	17:00:00	4545.639	4554.408	4541.452	4547.448	13526	0	280
2026.04.29	18:00:00	4547.219	4552.639	4517.978	4537.838	33717	0	280
2026.04.29	19:00:00	4537.916	4550.524	4533.072	4547.024	17083	0	280
2026.04.29	20:00:00	4546.797	4553.402	4541.315	4543.688	13486	0	280
2026.04.29	22:00:00	4542.801	4552.526	4539.166	4552.223	4907	0	280
2026.04.29	23:00:00	4551.958	4562.107	4549.412	4561.586	4742	0	280
2026.04.30	00:00:00	4561.628	4574.236	4556.222	4569.670	13592	0	280
2026.04.30	01:00:00	4569.613	4582.393	4564.484	4579.095	14320	0	280
2026.04.30	02:00:00	4579.118	4581.916	4559.683	4564.693	12786	0	280
2026.04.30	03:00:00	4564.638	4568.904	4555.692	4556.038	8596	0	280
2026.04.30	04:00:00	4556.115	4557.028	4540.773	4542.193	9765	0	280
2026.04.30	05:00:00	4542.128	4569.721	4541.973	4562.698	10162	0	280
2026.04.30	06:00:00	4562.727	4591.600	4560.273	4589.276	13343	0	280
2026.04.30	07:00:00	4589.338	4605.564	4584.672	4598.219	10824	0	280
2026.04.30	08:00:00	4598.278	4629.767	4597.207	4616.335	18112	0	280
2026.04.30	09:00:00	4616.497	4631.614	4614.253	4624.969	14895	0	280
2026.04.30	10:00:00	4625.037	4647.042	4623.487	4639.633	15391	0	280
2026.04.30	11:00:00	4639.640	4645.878	4626.749	4629.945	17157	0	280
2026.04.30	12:00:00	4630.005	4639.890	4624.539	4639.469	14679	0	280
2026.04.30	13:00:00	4639.411	4646.143	4610.401	4610.988	25599	0	280
2026.04.30	14:00:00	4610.603	4626.080	4609.092	4619.810	36674	0	280
2026.04.30	15:00:00	4619.751	4625.484	4611.255	4615.385	17464	0	280
2026.04.30	16:00:00	4615.443	4617.736	4605.138	4607.527	11718	0	280
2026.04.30	17:00:00	4607.334	4621.798	4607.334	4616.631	11683	0	280
2026.04.30	18:00:00	4616.624	4625.171	4616.624	4622.542	8344	0	280
2026.04.30	19:00:00	4622.460	4627.510	4614.408	4617.032	8525	0	280
2026.04.30	20:00:00	4617.091	4622.063	4615.442	4620.680	5680	0	280
2026.04.30	22:00:00	4627.631	4632.771	4625.076	4630.440	4325	0	280
2026.04.30	23:00:00	4630.506	4634.073	4626.348	4626.348	4253	0	280
2026.05.01	00:00:00	4626.569	4631.035	4618.324	4619.755	9747	0	280
2026.05.01	01:00:00	4619.837	4622.039	4613.734	4620.996	7552	0	280
2026.05.01	02:00:00	4620.912	4636.157	4616.368	4619.171	7921	0	280
2026.05.01	03:00:00	4619.114	4631.892	4617.588	4626.779	6564	0	280
2026.05.01	04:00:00	4626.846	4628.892	4609.075	4609.245	7275	0	280
2026.05.01	05:00:00	4609.302	4616.079	4602.803	4605.024	6877	0	280
2026.05.01	06:00:00	4605.027	4607.709	4590.681	4594.615	9574	0	280
2026.05.01	07:00:00	4594.548	4598.079	4575.944	4578.010	9697	0	280
2026.05.01	08:00:00	4578.359	4582.605	4564.928	4568.949	9133	0	280
2026.05.01	09:00:00	4569.007	4572.870	4559.766	4562.804	7821	0	280
2026.05.01	10:00:00	4562.517	4576.018	4561.319	4566.721	6094	0	280
2026.05.01	11:00:00	4566.779	4579.605	4562.472	4578.676	7821	0	280
2026.05.01	12:00:00	4578.718	4607.859	4574.949	4591.269	15507	0	280
2026.05.01	13:00:00	4590.915	4628.947	4586.483	4625.300	19373	0	280
2026.05.01	14:00:00	4625.033	4660.285	4625.033	4631.857	29178	0	280
2026.05.01	15:00:00	4632.016	4648.103	4618.991	4643.336	19118	0	280
2026.05.01	16:00:00	4642.971	4650.023	4633.913	4639.048	14712	0	280
2026.05.01	17:00:00	4638.985	4642.609	4626.622	4629.639	9985	0	280
2026.05.01	18:00:00	4629.706	4630.624	4613.658	4624.396	9797	0	280
2026.05.01	19:00:00	4624.183	4627.788	4608.820	4610.826	8373	0	280
2026.05.01	20:00:00	4610.733	4617.123	4606.924	4613.386	5999	0	280
